Age,G,FG%,3P%,FT%,MP,PTS,TRB,AST
21,82,0.506,0.292,0.642,38,22.5,12.1,3.8
20,77,0.498,0.25,0.763,21.6,8.6,2.9,0.7
20,81,0.43,0.167,0.687,28.5,14.1,8.6,2.5
22,79,0.327,0.209,0.818,13.4,2.9,3.3,0.7
22,31,0.466,0.367,0.783,25.4,20.2,7.8,2.1
19,51,0.469,0.399,0.872,30.5,18.5,3.7,5.4
22,55,0.502,0.143,0.688,15.6,4.2,3.4,0.3
21,45,0.486,-1,0.492,9.6,2.3,3.4,0.2